BuyerID,User ID,USER_TYPE,MembershipID,FName,LName,Phone,Email
B3568,US2874,B,M1568,Jack,Smith,767-241-2001,js@email.com
B3569,US2875,B,M1569,Nancy,Book,767-241-2002,booknancy@other.com
B3570,US2876,B,M1570,Georges,Bienvenu,767-241-2003,gbienvenu@email.com
B3571,US2877,B,M1571,Ginette,Beauregard,767-241-2004,beauregard.ginette@other.com
B3572,US2878,B,M1572,Elise,Fort,767-241-2005,elise.f@email.com
B3573,US2879,B,M1573,Red,Forman,767-241-2006,redismad@email.com
B3574,US2880,B,M1574,Sean,Romero,767-241-2007,sean.rom@other.com
B3575,US2881,B,M1575,Yung,Xi,767-241-2008,xi.yung@email.com
B3576,US2882,B,M1576,Georges,Bienvenu,767-241-2009,gbienvenu@email.com
B3577,US2883,B,M1577,Red,Forman,767-241-2010,redismad@email.com
B3578,US2884,B,M1578,Sarah,Mansour,767-241-2011,sarahsarah@other.com
B3579,US2885,B,M1579,Daniel,Dam,767-241-2012,ddam@email.com
B3580,US2886,B,M1580,Taylor,Swing,767-241-2013,swing@email.com
B3581,US2887,B,M1581,Daniel,Smith,767-241-2014,js@email.com
B3582,US2888,B,M1582,Taylor,Book,767-241-2015,booknancy@other.com
B3583,US2889,B,M1583,Daniel,Bienvenu,767-241-2016,gbienvenu@email.com
B3584,US2890,B,M1584,Taylor,Beauregard,767-241-2017,beauregard.ginette@other.com
B3585,US2891,B,M1585,Daniel,Fort,767-241-2018,elise.f@email.com
B3586,US2892,B,M1586,Taylor,Forman,767-241-2019,redismad@email.com
B3587,US2893,B,M1587,Daniel,Romero,767-241-2020,sean.rom@other.com
B3588,US2894,B,M1588,Taylor,Xi,767-241-2021,xi.yung@email.com
B3589,US2895,B,M1589,Daniel,Bienvenu,767-241-2022,gbienvenu@email.com
B3590,US2896,B,M1590,Taylor,Forman,767-241-2023,redismad@email.com
B3591,US2897,B,M1591,Daniel,Mansour,767-241-2024,sarahsarah@other.com
B3592,US2898,B,M1592,Taylor,Dam,767-241-2025,ddam@email.com
B3593,US2899,B,M1593,Daniel,Swing,767-241-2026,swing@email.com
B3594,US2900,B,M1594,Taylor,Smith,767-241-2027,js@email.com
B3595,US2901,B,M1595,Daniel,Book,767-241-2028,booknancy@other.com
B3596,US2902,B,M1596,Taylor,Bienvenu,767-241-2029,gbienvenu@email.com
B3597,US2903,B,M1597,Daniel,Beauregard,767-241-2030,beauregard.ginette@other.com
B3598,US2904,B,M1598,Taylor,Fort,767-241-2031,elise.f@email.com
B3599,US2905,B,M1599,Daniel,Forman,767-241-2032,redismad@email.com
B3600,US2906,B,M1600,Taylor,Romero,767-241-2033,sean.rom@other.com
B3601,US2907,B,M1601,Daniel,Xi,767-241-2034,xi.yung@email.com
B3602,US2908,B,M1602,Taylor,Bienvenu,767-241-2035,gbienvenu@email.com
B3603,US2909,B,M1603,Daniel,Forman,767-241-2036,redismad@email.com
B3604,US2910,B,M1604,Taylor,Mansour,767-241-2037,sarahsarah@other.com
B3605,US2911,B,M1605,Daniel,Dam,767-241-2038,ddam@email.com
B3606,US2912,B,M1606,Taylor,Swing,767-241-2039,swing@email.com
B3607,US2913,B,M1607,Daniel,Smith,767-241-2040,js@email.com
B3608,US2914,B,M1608,Taylor,Book,767-241-2041,booknancy@other.com
B3609,US2915,B,M1609,Daniel,Bienvenu,767-241-2042,gbienvenu@email.com
B3610,US2916,B,M1610,Taylor,Beauregard,767-241-2043,beauregard.ginette@other.com
B3611,US2917,B,M1611,Daniel,Fort,767-241-2044,elise.f@email.com
B3612,US2918,B,M1612,Taylor,Forman,767-241-2045,redismad@email.com
B3613,US2919,B,M1613,Daniel,Romero,767-241-2046,sean.rom@other.com
B3614,US2920,B,M1614,Taylor,Xi,767-241-2047,xi.yung@email.com
B3615,US2921,B,M1615,Daniel,Bienvenu,767-241-2048,gbienvenu@email.com
B3616,US2922,B,M1616,Taylor,Forman,767-241-2049,redismad@email.com
B3617,US2923,B,M1617,Daniel,Mansour,767-241-2050,sarahsarah@other.com
B3618,US2924,B,M1618,Taylor,Dam,767-241-2051,ddam@email.com
B3619,US2925,B,M1619,Daniel,Swing,767-241-2052,swing@email.com
B3620,US2926,B,M1620,Taylor,Smith,767-241-2053,js@email.com
B3621,US2927,B,M1621,Daniel,Book,767-241-2054,booknancy@other.com
B3622,US2928,B,M1622,Taylor,Bienvenu,767-241-2055,gbienvenu@email.com
B3623,US2929,B,M1623,Daniel,Beauregard,767-241-2056,beauregard.ginette@other.com
B3624,US2930,B,M1624,Taylor,Fort,767-241-2057,elise.f@email.com
B3625,US2931,B,M1625,Daniel,Forman,767-241-2058,redismad@email.com
B3626,US2932,B,M1626,Taylor,Romero,767-241-2059,sean.rom@other.com
B3627,US2933,B,M1627,Daniel,Xi,767-241-2060,xi.yung@email.com
B3628,US2934,B,M1628,Taylor,Bienvenu,767-241-2061,gbienvenu@email.com
B3629,US2935,B,M1629,Daniel,Forman,767-241-2062,redismad@email.com
B3630,US2936,B,M1630,Taylor,Mansour,767-241-2063,sarahsarah@other.com
B3631,US2937,B,M1631,Daniel,Dam,767-241-2064,ddam@email.com
B3632,US2938,B,M1632,Taylor,Swing,767-241-2065,swing@email.com
B3633,US2939,B,M1633,Daniel,Smith,767-241-2066,js@email.com
B3634,US2940,B,M1634,Taylor,Book,767-241-2067,booknancy@other.com
B3635,US2941,B,M1635,Daniel,Bienvenu,767-241-2068,gbienvenu@email.com
B3636,US2942,B,M1636,Taylor,Beauregard,767-241-2069,beauregard.ginette@other.com
B3637,US2943,B,M1637,Daniel,Fort,767-241-2070,elise.f@email.com
B3638,US2944,B,M1638,Taylor,Forman,767-241-2071,redismad@email.com
B3639,US2945,B,M1639,Daniel,Romero,767-241-2072,sean.rom@other.com
B3640,US2946,B,M1640,Taylor,Xi,767-241-2073,xi.yung@email.com
B3641,US2947,B,M1641,Daniel,Bienvenu,767-241-2074,gbienvenu@email.com
B3642,US2948,B,M1642,Taylor,Forman,767-241-2075,redismad@email.com
B3643,US2949,B,M1643,Daniel,Mansour,767-241-2076,sarahsarah@other.com
B3644,US2950,B,M1644,Taylor,Dam,767-241-2077,ddam@email.com
B3645,US2951,B,M1645,Daniel,Swing,767-241-2078,swing@email.com
B3646,US2952,B,M1646,Taylor,Smith,767-241-2079,js@email.com
B3647,US2953,B,M1647,Daniel,Book,767-241-2080,booknancy@other.com
B3648,US2954,B,M1648,Taylor,Bienvenu,767-241-2081,gbienvenu@email.com
B3649,US2955,B,M1649,Daniel,Beauregard,767-241-2082,beauregard.ginette@other.com
B3650,US2956,B,M1650,Taylor,Fort,767-241-2083,elise.f@email.com
B3651,US2957,B,M1651,Daniel,Forman,767-241-2084,redismad@email.com
B3652,US2958,B,M1652,Taylor,Romero,767-241-2085,sean.rom@other.com
B3653,US2959,B,M1653,Daniel,Xi,767-241-2086,xi.yung@email.com
B3654,US2960,B,M1654,Taylor,Bienvenu,767-241-2087,gbienvenu@email.com
B3655,US2961,B,M1655,Daniel,Forman,767-241-2088,redismad@email.com
B3656,US2962,B,M1656,Taylor,Mansour,767-241-2089,sarahsarah@other.com
B3657,US2963,B,M1657,Daniel,Dam,767-241-2090,ddam@email.com
B3658,US2964,B,M1658,Taylor,Swing,767-241-2091,swing@email.com
B3659,US2965,B,M1659,Daniel,Smith,767-241-2092,js@email.com
B3660,US2966,B,M1660,Taylor,Book,767-241-2093,booknancy@other.com
B3661,US2967,B,M1661,Daniel,Bienvenu,767-241-2094,gbienvenu@email.com
B3662,US2968,B,M1662,Taylor,Beauregard,767-241-2095,beauregard.ginette@other.com
B3663,US2969,B,M1663,Daniel,Fort,767-241-2096,elise.f@email.com
B3664,US2970,B,M1664,Taylor,Forman,767-241-2097,redismad@email.com
B3665,US2971,B,M1665,Daniel,Romero,767-241-2098,sean.rom@other.com
B3666,US2972,B,M1666,Taylor,Xi,767-241-2099,xi.yung@email.com
