ShipperID,ShipperName,ContactName,Phone
SH1762,Ship for Cheap,Ronald McDime,555-765-0877
SH1763,Frank's shipments Inc.,Rosie Chianti,768-977-0090
SH1764,Worldwide Delivery Service,Paola Ricardo,234-763-2337
SH1765,Ship for Cheap,Ronald McDime,555-765-0878
SH1766,Frank's shipments Inc.,Rosie Chianti,768-977-0091
SH1767,Worldwide Delivery Service,Paola Ricardo,234-763-2338
SH1768,Ship for Cheap,Ronald McDime,555-765-0879
SH1769,Frank's shipments Inc.,Rosie Chianti,768-977-0092
SH1770,Worldwide Delivery Service,Paola Ricardo,234-763-2339
SH1771,Ship for Cheap,Ronald McDime,555-765-0880
SH1772,Frank's shipments Inc.,Rosie Chianti,768-977-0093
SH1773,Worldwide Delivery Service,Paola Ricardo,234-763-2340
SH1774,Ship for Cheap,Ronald McDime,555-765-0881
SH1775,Frank's shipments Inc.,Rosie Chianti,768-977-0094
SH1776,Worldwide Delivery Service,Paola Ricardo,234-763-2341
SH1777,Ship for Cheap,Ronald McDime,555-765-0882
SH1778,Frank's shipments Inc.,Rosie Chianti,768-977-0095
SH1779,Worldwide Delivery Service,Paola Ricardo,234-763-2342
SH1780,Ship for Cheap,Ronald McDime,555-765-0883
SH1781,Frank's shipments Inc.,Rosie Chianti,768-977-0096
SH1782,Worldwide Delivery Service,Paola Ricardo,234-763-2343
SH1783,Ship for Cheap,Ronald McDime,555-765-0884
SH1784,Frank's shipments Inc.,Rosie Chianti,768-977-0097
SH1785,Worldwide Delivery Service,Paola Ricardo,234-763-2344
SH1786,Ship for Cheap,Ronald McDime,555-765-0885
SH1787,Frank's shipments Inc.,Rosie Chianti,768-977-0098
SH1788,Worldwide Delivery Service,Paola Ricardo,234-763-2345
SH1789,Ship for Cheap,Ronald McDime,555-765-0886
SH1790,Frank's shipments Inc.,Rosie Chianti,768-977-0099
SH1791,Worldwide Delivery Service,Paola Ricardo,234-763-2346
SH1792,Ship for Cheap,Ronald McDime,555-765-0887
SH1793,Frank's shipments Inc.,Rosie Chianti,768-977-0100
SH1794,Worldwide Delivery Service,Paola Ricardo,234-763-2347
SH1795,Ship for Cheap,Ronald McDime,555-765-0888
SH1796,Frank's shipments Inc.,Rosie Chianti,768-977-0101
SH1797,Worldwide Delivery Service,Paola Ricardo,234-763-2348
SH1798,Ship for Cheap,Ronald McDime,555-765-0889
SH1799,Frank's shipments Inc.,Rosie Chianti,768-977-0102
SH1800,Worldwide Delivery Service,Paola Ricardo,234-763-2349
SH1801,Ship for Cheap,Ronald McDime,555-765-0890
SH1802,Frank's shipments Inc.,Rosie Chianti,768-977-0103
SH1803,Worldwide Delivery Service,Paola Ricardo,234-763-2350
SH1804,Ship for Cheap,Ronald McDime,555-765-0891
SH1805,Frank's shipments Inc.,Rosie Chianti,768-977-0104
SH1806,Worldwide Delivery Service,Paola Ricardo,234-763-2351
SH1807,Ship for Cheap,Ronald McDime,555-765-0892
SH1808,Frank's shipments Inc.,Rosie Chianti,768-977-0105
SH1809,Worldwide Delivery Service,Paola Ricardo,234-763-2352
SH1810,Ship for Cheap,Ronald McDime,555-765-0893
SH1811,Frank's shipments Inc.,Rosie Chianti,768-977-0106
SH1812,Worldwide Delivery Service,Paola Ricardo,234-763-2353
SH1813,Ship for Cheap,Ronald McDime,555-765-0894
SH1814,Frank's shipments Inc.,Rosie Chianti,768-977-0107
SH1815,Worldwide Delivery Service,Paola Ricardo,234-763-2354
SH1816,Ship for Cheap,Ronald McDime,555-765-0895
SH1817,Frank's shipments Inc.,Rosie Chianti,768-977-0108
SH1818,Worldwide Delivery Service,Paola Ricardo,234-763-2355
SH1819,Ship for Cheap,Ronald McDime,555-765-0896
SH1820,Frank's shipments Inc.,Rosie Chianti,768-977-0109
SH1821,Worldwide Delivery Service,Paola Ricardo,234-763-2356
SH1822,Ship for Cheap,Ronald McDime,555-765-0897
SH1823,Frank's shipments Inc.,Rosie Chianti,768-977-0110
SH1824,Worldwide Delivery Service,Paola Ricardo,234-763-2357
SH1825,Ship for Cheap,Ronald McDime,555-765-0898
SH1826,Frank's shipments Inc.,Rosie Chianti,768-977-0111
SH1827,Worldwide Delivery Service,Paola Ricardo,234-763-2358
SH1828,Ship for Cheap,Ronald McDime,555-765-0899
SH1829,Frank's shipments Inc.,Rosie Chianti,768-977-0112
SH1830,Worldwide Delivery Service,Paola Ricardo,234-763-2359
SH1831,Ship for Cheap,Ronald McDime,555-765-0900
SH1832,Frank's shipments Inc.,Rosie Chianti,768-977-0113
SH1833,Worldwide Delivery Service,Paola Ricardo,234-763-2360
SH1834,Ship for Cheap,Ronald McDime,555-765-0901
SH1835,Frank's shipments Inc.,Rosie Chianti,768-977-0114
SH1836,Worldwide Delivery Service,Paola Ricardo,234-763-2361
SH1837,Ship for Cheap,Ronald McDime,555-765-0902
SH1838,Frank's shipments Inc.,Rosie Chianti,768-977-0115
SH1839,Worldwide Delivery Service,Paola Ricardo,234-763-2362
SH1840,Ship for Cheap,Ronald McDime,555-765-0903
SH1841,Frank's shipments Inc.,Rosie Chianti,768-977-0116
SH1842,Worldwide Delivery Service,Paola Ricardo,234-763-2363
SH1843,Ship for Cheap,Ronald McDime,555-765-0904
SH1844,Frank's shipments Inc.,Rosie Chianti,768-977-0117
SH1845,Worldwide Delivery Service,Paola Ricardo,234-763-2364
SH1846,Ship for Cheap,Ronald McDime,555-765-0905
SH1847,Frank's shipments Inc.,Rosie Chianti,768-977-0118
SH1848,Worldwide Delivery Service,Paola Ricardo,234-763-2365
SH1849,Ship for Cheap,Ronald McDime,555-765-0906
SH1850,Frank's shipments Inc.,Rosie Chianti,768-977-0119
SH1851,Worldwide Delivery Service,Paola Ricardo,234-763-2366
SH1852,Ship for Cheap,Ronald McDime,555-765-0907
SH1853,Frank's shipments Inc.,Rosie Chianti,768-977-0120
SH1854,Worldwide Delivery Service,Paola Ricardo,234-763-2367
SH1855,Ship for Cheap,Ronald McDime,555-765-0908
SH1856,Frank's shipments Inc.,Rosie Chianti,768-977-0121
SH1857,Worldwide Delivery Service,Paola Ricardo,234-763-2368
SH1858,Ship for Cheap,Ronald McDime,555-765-0909
SH1859,Frank's shipments Inc.,Rosie Chianti,768-977-0122
SH1860,Worldwide Delivery Service,Paola Ricardo,234-763-2369
