UserID,UserFName,UserLName,USER_TYPE,DateCreated,Password
US2874,Jack,Smith,B,2022-05-25,JackSmith
US2875,Nancy,Book,S,2022-05-26,NancyBook
US2876,Georges,Bienvenu,O,2022-05-27,GeorgesBienvenu
US2877,Ginette,Beauregard,T,2022-05-28,GinetteBeauregard
US2878,Elise,Fort,B,2022-05-29,EliseFort
US2879,Red,Forman,S,2022-05-30,RedForman
US2880,Sean,Romero,O,2022-05-31,SeanRomero
US2881,Yung,Xi,T,2022-06-01,YungXi
US2882,Georges,Bienvenu,B,2022-06-02,GeorgesBienvenu
US2883,Red,Forman,S,2022-06-03,RedForman
US2884,Sarah,Mansour,O,2022-06-04,SarahMansour
US2885,Daniel,Dam,T,2022-06-05,DanielDam
US2886,Taylor,Swing,B,2022-06-06,TaylorSwing
US2887,Daniel,Smith,S,2022-06-07,DanielSmith
US2888,Taylor,Book,O,2022-06-08,TaylorBook
US2889,Daniel,Bienvenu,T,2022-06-09,DanielBienvenu
US2890,Taylor,Beauregard,B,2022-06-10,TaylorBeauregard
US2891,Daniel,Fort,S,2022-06-11,DanielFort
US2892,Taylor,Forman,O,2022-06-12,TaylorForman
US2893,Daniel,Romero,T,2022-06-13,DanielRomero
US2894,Taylor,Xi,B,2022-06-14,TaylorXi
US2895,Daniel,Bienvenu,S,2022-06-15,DanielBienvenu
US2896,Taylor,Forman,O,2022-06-16,TaylorForman
US2897,Daniel,Mansour,T,2022-06-17,DanielMansour
US2898,Taylor,Dam,B,2022-06-18,TaylorDam
US2899,Daniel,Swing,S,2022-06-19,DanielSwing
US2900,Taylor,Smith,O,2022-06-20,TaylorSmith
US2901,Daniel,Book,T,2022-06-21,DanielBook
US2902,Taylor,Bienvenu,B,2022-06-22,TaylorBienvenu
US2903,Daniel,Beauregard,S,2022-06-23,DanielBeauregard
US2904,Taylor,Fort,O,2022-06-24,TaylorFort
US2905,Daniel,Forman,T,2022-06-25,DanielForman
US2906,Taylor,Romero,B,2022-06-26,TaylorRomero
US2907,Daniel,Xi,S,2022-06-27,DanielXi
US2908,Taylor,Bienvenu,O,2022-06-28,TaylorBienvenu
US2909,Daniel,Forman,T,2022-06-29,DanielForman
US2910,Taylor,Mansour,B,2022-06-30,TaylorMansour
US2911,Daniel,Dam,S,2022-07-01,DanielDam
US2912,Taylor,Swing,O,2022-07-02,TaylorSwing
US2913,Daniel,Smith,T,2022-07-03,DanielSmith
US2914,Taylor,Book,B,2022-07-04,TaylorBook
US2915,Daniel,Bienvenu,S,2022-07-05,DanielBienvenu
US2916,Taylor,Beauregard,O,2022-07-06,TaylorBeauregard
US2917,Daniel,Fort,T,2022-07-07,DanielFort
US2918,Taylor,Forman,B,2022-07-08,TaylorForman
US2919,Daniel,Romero,S,2022-07-09,DanielRomero
US2920,Taylor,Xi,O,2022-07-10,TaylorXi
US2921,Daniel,Bienvenu,T,2022-07-11,DanielBienvenu
US2922,Taylor,Forman,B,2022-07-12,TaylorForman
US2923,Daniel,Mansour,S,2022-07-13,DanielMansour
US2924,Taylor,Dam,O,2022-07-14,TaylorDam
US2925,Daniel,Swing,T,2022-07-15,DanielSwing
US2926,Taylor,Smith,B,2022-07-16,TaylorSmith
US2927,Daniel,Book,S,2022-07-17,DanielBook
US2928,Taylor,Bienvenu,O,2022-07-18,TaylorBienvenu
US2929,Daniel,Beauregard,T,2022-07-19,DanielBeauregard
US2930,Taylor,Fort,B,2022-07-20,TaylorFort
US2931,Daniel,Forman,S,2022-07-21,DanielForman
US2932,Taylor,Romero,O,2022-07-22,TaylorRomero
US2933,Daniel,Xi,T,2022-07-23,DanielXi
US2934,Taylor,Bienvenu,B,2022-07-24,TaylorBienvenu
US2935,Daniel,Forman,S,2022-07-25,DanielForman
US2936,Taylor,Mansour,O,2022-07-26,TaylorMansour
US2937,Daniel,Dam,T,2022-07-27,DanielDam
US2938,Taylor,Swing,B,2022-07-28,TaylorSwing
US2939,Daniel,Smith,S,2022-07-29,DanielSmith
US2940,Taylor,Book,O,2022-07-30,TaylorBook
US2941,Daniel,Bienvenu,T,2022-07-31,DanielBienvenu
US2942,Taylor,Beauregard,B,2022-08-01,TaylorBeauregard
US2943,Daniel,Fort,S,2022-08-02,DanielFort
US2944,Taylor,Forman,O,2022-08-03,TaylorForman
US2945,Daniel,Romero,T,2022-08-04,DanielRomero
US2946,Taylor,Xi,B,2022-08-05,TaylorXi
US2947,Daniel,Bienvenu,S,2022-08-06,DanielBienvenu
US2948,Taylor,Forman,O,2022-08-07,TaylorForman
US2949,Daniel,Mansour,T,2022-08-08,DanielMansour
US2950,Taylor,Dam,B,2022-08-09,TaylorDam
US2951,Daniel,Swing,S,2022-08-10,DanielSwing
US2952,Taylor,Smith,O,2022-08-11,TaylorSmith
US2953,Daniel,Book,T,2022-08-12,DanielBook
US2954,Taylor,Bienvenu,B,2022-08-13,TaylorBienvenu
US2955,Daniel,Beauregard,S,2022-08-14,DanielBeauregard
US2956,Taylor,Fort,O,2022-08-15,TaylorFort
US2957,Daniel,Forman,T,2022-08-16,DanielForman
US2958,Taylor,Romero,B,2022-08-17,TaylorRomero
US2959,Daniel,Xi,S,2022-08-18,DanielXi
US2960,Taylor,Bienvenu,O,2022-08-19,TaylorBienvenu
US2961,Daniel,Forman,T,2022-08-20,DanielForman
US2962,Taylor,Mansour,B,2022-08-21,TaylorMansour
US2963,Daniel,Dam,S,2022-08-22,DanielDam
US2964,Taylor,Swing,O,2022-08-23,TaylorSwing
US2965,Daniel,Smith,T,2022-08-24,DanielSmith
US2966,Taylor,Book,B,2022-08-25,TaylorBook
US2967,Daniel,Bienvenu,S,2022-08-26,DanielBienvenu
US2968,Taylor,Beauregard,O,2022-08-27,TaylorBeauregard
US2969,Daniel,Fort,T,2022-08-28,DanielFort
US2970,Taylor,Forman,B,2022-08-29,TaylorForman
US2971,Daniel,Romero,S,2022-08-30,DanielRomero
US2972,Taylor,Xi,O,2022-08-31,TaylorXi
